RiskSeverity_R(N),RiskRate_v(N),ErosionVelocity_a(N),FailurePotential_z(N),Likelihood_L(N),Vector
1.4020427276066092,0.0,0.0,-0.3969359085900863,0.40204874287799736,[ 6.00961555 -0.38459297]
1.3465057409143073,-0.05553698669230189,-0.05553698669230189,-0.7023893353977466,0.3312826944641499,[ 8.04228572 -0.03221661]
1.0376942527772792,-0.3088114881370281,-0.2532745014447262,-2.0120936133052876,0.11793900620627742,[-5.31539872 -2.16965588]
0.5344225812850005,-0.5032716714922787,-0.19446018335525062,-2.78501834963053,0.05813914568891324,[-6.63203644  0.8970848 ]
0.021885687593237058,-0.5125368936917635,-0.00926522219948478,-3.007504028900362,0.0470880152120789,[-3.2768474   5.23319482]
0.3502303506240103,0.32834466303077325,0.8408815567225367,0.8763348591343987,0.7060621385414065,[-2.74398097  1.02484183]
0.8565132067776053,0.506282856153595,0.17793819312282178,-0.17513275431153152,0.45632837718457475,[6.3419629  3.41392164]
1.0374670149352498,0.1809538081576445,-0.3253290479959505,-1.7388328134273323,0.14946124960544324,[14.11552347  4.55837762]
