RiskSeverity_R(N),RiskRate_v(N),ErosionVelocity_a(N),FailurePotential_z(N),Likelihood_L(N),Vector
1.3378720978018472,0.0,0.0,-0.49319185329722925,0.37914193737288415,[15.76271573  0.08169095]
1.1106710517709235,-0.22720104603092373,-0.22720104603092373,-1.7427976064673096,0.14895793504005683,[-1.73682993 -0.86210257]
0.3571308369105569,-0.7535402148603666,-0.5263391688294429,-4.296861465982859,0.013428434040951849,[-4.00998359  1.45649414]
1.096912624204642,0.7397817872940852,1.4933220021544518,4.365116730064404,0.987446424671456,[-3.71449675 -1.78013761]
1.4500941893750525,0.35318156517041044,-0.38660022212367473,-1.1314778171380353,0.24388847811092534,[ 4.03384323 -0.47426083]
