Turn,RiskSeverity_Model,RiskRate_Model,ErosionVelocity_Model,CumulativeRisk_Model,Likelihood_Model,RiskSeverity_User,CumulativeRisk_User,RobustnessIndex_rho
1,2.5922323666272007e-05,0.0,0.0,2.5922323666272007e-05,0.07586090594304515,1.3853815929221192e-05,1.3853815929221192e-05,0.0002591873293272032
2,0.0004819343716797597,0.0004560120480134877,0.0004560120480134877,0.0005078566953460317,0.0760369236589317,0.03587723805906495,0.035891091874994174,0.0037372331647258206
3,0.025605655789697312,0.025123721418017553,0.024667709370004065,0.026113512485043344,0.08608010046746496,0.0013796729092869775,0.03727076478428115,0.19023360528427388
4,0.4585556225810026,0.43294996679130526,0.4078262453732877,0.4846691350660459,0.4611440377559713,0.0017728048778625771,0.03904356966214373,3.4857357031592584
5,0.20787904910840038,-0.2506765734726022,-0.6836265402639075,0.6925481841744463,0.011099017459550423,0.04708706105164717,0.0861306307137909,3.7207641832974976
6,0.0019414095546128607,-0.20593763955378752,0.04473893391881467,0.6944895937290592,0.07117301608049638,0.00015893739131445095,0.08628956810510535,3.728011185989895
7,0.1649564670659336,0.16301505751132073,0.36895269706510825,0.8594460607949927,0.2723579288422344,0.029930616337795923,0.11622018444290128,3.974865080285566
8,0.04564380015364078,-0.11931266691229281,-0.28232772442361354,0.9050898609486335,0.03236334704339618,0.005269919313874327,0.1214901037567756,4.086367045737346
