Turn,RiskSeverity_Model,RiskRate_Model,ErosionVelocity_Model,CumulativeRisk_Model,Likelihood_Model,RiskSeverity_User,CumulativeRisk_User,RobustnessIndex_rho
1,0.08620434189300508,0.0,0.0,0.08620434189300508,0.08543493767382931,1.3853815929221192e-05,1.3853815929221192e-05,0.8619240095643159
2,0.04024432038495496,-0.04596002150805012,-0.04596002150805012,0.12644866227796003,0.06764289326453307,0.03587723805906495,0.035891091874994174,0.9305147271484123
3,0.007511001622788838,-0.03273331876216612,0.013226702745884,0.13395966390074887,0.07714490387096522,0.0013796729092869775,0.03727076478428115,0.9758790526975235
4,1.7437958235669844,1.7362848219441955,1.7690181407063617,1.8777554874677334,0.9992227981681084,0.0017728048778625771,0.03904356966214373,13.504799193737721
5,0.06239553192155922,-1.6814002916454251,-3.417685113589621,1.9401510193892926,5.913469559569552e-07,0.04708706105164717,0.0861306307137909,10.423598802351997
6,0.05717279776451467,-0.005222734157044551,1.6761775574883806,1.9973238171538072,0.9314429779343074,0.00015893739131445095,0.08628956810510535,10.721608501593115
7,0.2804813853553869,0.22330858759087224,0.2285313217479168,2.277805202509194,0.23678714124007996,0.029930616337795923,0.11622018444290128,10.534655718558549
8,0.09239907573940243,-0.1880823096159845,-0.41139089720685673,2.370204278248597,0.02223381176072365,0.005269919313874327,0.1214901037567756,10.701174626074415
