Turn,RiskSeverity_Model,RiskRate_Model,ErosionVelocity_Model,CumulativeRisk_Model,Likelihood_Model,RiskSeverity_User,CumulativeRisk_User,RobustnessIndex_rho
1,0.004765113953212774,0.0,0.0,0.004765113953212774,0.07636077987313918,0.003874891014895354,0.003874891014895354,0.04587358799278519
2,0.11433767198422884,0.10957255803101607,0.10957255803101607,0.11910278593744161,0.13122129561215887,0.0011384113962940035,0.005013302411189358,1.1341685596276514
3,0.6451581244589077,0.5308204524746789,0.42124789444366284,0.7642609103963494,0.5652019234591006,0.061163064099946096,0.06617636651113545,4.599095084589759
4,0.24241642434538635,-0.4027417001135214,-0.9335621525882003,1.0066773347417357,0.004773913518176732,0.07132807565315147,0.13750444216428692,4.238562132010126
5,0.08825950188147469,-0.15415692246391166,0.24858477764960973,1.0949368366232104,0.14479610463831866,0.22383360808399821,0.36133805024828514,2.3733937316333047
