Turn,RiskSeverity_Model,RiskRate_Model,ErosionVelocity_Model,CumulativeRisk_Model,Likelihood_Model,RiskSeverity_User,CumulativeRisk_User,RobustnessIndex_rho
1,0.014525850987753719,0.0,0.0,0.014525850987753719,0.07739984054400802,0.027261185945767652,0.027261185945767652,0.11414203694395798
