Turn,RiskSeverity_Model,RiskRate_Model,ErosionVelocity_Model,CumulativeRisk_Model,Likelihood_Model,RiskSeverity_User,CumulativeRisk_User,RobustnessIndex_rho
1,0.04526603148474284,0.0,0.0,0.04526603148474284,0.08075736426032833,1.3853815929221192e-05,1.3853815929221192e-05,0.45259761280725
2,0.0013707897933987745,-0.04389524169134407,-0.04389524169134407,0.046636821278141616,0.06455379202765149,0.03587723805906495,0.035891091874994174,0.34319263047089715
3,5.531867559205317e-05,-0.0013154711178067213,0.042579770573537346,0.04669213995373367,0.08521643504943928,0.0059966441343874965,0.04188773600938167,0.329078053304384
4,1.4231688871260917,1.4231135684504996,1.4244290395683064,1.4698610270798254,0.995184815097406,0.0010472016385814076,0.04293493764796308,10.283427210077717
5,0.07972825884433088,-1.3434406282817608,-2.7665541967322604,1.5495892859241562,6.001405707244763e-06,0.04708706105164717,0.09002199869961025,8.154788900909159
